Workbook

Sheet ticket
A1: ticket_id | B1: created_at | C1: closed_at | D1: outlet_id | E1: cms_id
A2: isu-sjd-457 | B2: 44427.698 | C2: 44430.523 | D2: wrqy-juv-978 | E2: vew-iuvd-12 | F2: =IF(INT(B2)=INT(C2),"Yes","No") -> No | G2: =IF(AND(INT(B2)=INT(C2),HOUR(B2)=HOUR(C2)),"Yes","No") -> No
A3: qer-fal-092 | B3: 44429.465 | C3: 44429.718 | D3: 8woh-k3u-23b | E3: cms-ab12-34 | F3: =IF(INT(B3)=INT(C3),"Yes","No") -> Yes | G3: =IF(AND(INT(B3)=INT(C3),HOUR(B3)=HOUR(C3)),"Yes","No") -> No
A4: mnp-xyz-001 | B4: 44429.375 | C4: 44429.406 | D4: wrqy-juv-978 | E4: cms-cd56-78 | F4: =IF(INT(B4)=INT(C4),"Yes","No") -> Yes | G4: =IF(AND(INT(B4)=INT(C4),HOUR(B4)=HOUR(C4)),"Yes","No") -> Yes
A5: rst-uvw-002 | B5: 44430.604 | C5: 44431.417 | D5: 8woh-k3u-23b | E5: cms-ef90-12 | F5: =IF(INT(B5)=INT(C5),"Yes","No") -> No | G5: =IF(AND(INT(B5)=INT(C5),HOUR(B5)=HOUR(C5)),"Yes","No") -> No
A6: opq-lmn-003 | B6: 44431.333 | C6: 44431.372 | D6: wrqy-juv-978 | E6: cms-gh34-56 | F6: =IF(INT(B6)=INT(C6),"Yes","No") -> Yes | G6: =IF(AND(INT(B6)=INT(C6),HOUR(B6)=HOUR(C6)),"Yes","No") -> Yes
A7: abc-def-004 | B7: 44432.458 | C7: 44432.479 | D7: out-pqr-789 | E7: cms-ij78-90 | F7: =IF(INT(B7)=INT(C7),"Yes","No") -> Yes | G7: =IF(AND(INT(B7)=INT(C7),HOUR(B7)=HOUR(C7)),"Yes","No") -> Yes
A8: ghi-jkl-005 | B8: 44432.625 | C8: 44433.375 | D8: out-pqr-789 | E8: cms-kl12-34 | F8: =IF(INT(B8)=INT(C8),"Yes","No") -> No | G8: =IF(AND(INT(B8)=INT(C8),HOUR(B8)=HOUR(C8)),"Yes","No") -> No
A9: vwx-yza-006 | B9: 44433.417 | C9: 44433.451 | D9: wrqy-juv-978 | E9: cms-mn56-78 | F9: =IF(INT(B9)=INT(C9),"Yes","No") -> Yes | G9: =IF(AND(INT(B9)=INT(C9),HOUR(B9)=HOUR(C9)),"Yes","No") -> Yes

Sheet feedbackscms_id,feedback_at,fee
A1: cms_id | B1: feedback_at | C1: feedback_rating | D1: ticket_created_at
A2: vew-iuvd-12 | B2: 44429.56 | C2: 3 | D2: =_xlfn.XLOOKUP(A2, ticket!E:E, ticket!B:B) -> 44427.698
A3: cms-ab12-34 | B3: 44430.375 | C3: 5 | D3: =_xlfn.XLOOKUP(A3, ticket!E:E, ticket!B:B) -> 44429.465
A4: cms-cd56-78 | B4: 44430.417 | C4: 4 | D4: =_xlfn.XLOOKUP(A4, ticket!E:E, ticket!B:B) -> 44429.375
A5: cms-ef90-12 | B5: 44431.5 | C5: 2 | D5: =_xlfn.XLOOKUP(A5, ticket!E:E, ticket!B:B) -> 44430.604
A6: cms-gh34-56 | B6: 44432.354 | C6: 5 | D6: =_xlfn.XLOOKUP(A6, ticket!E:E, ticket!B:B) -> 44431.333
A7: cms-ij78-90 | B7: 44433.583 | C7: 3 | D7: =_xlfn.XLOOKUP(A7, ticket!E:E, ticket!B:B) -> 44432.458
A8: cms-kl12-34 | B8: 44434.375 | C8: 4 | D8: =_xlfn.XLOOKUP(A8, ticket!E:E, ticket!B:B) -> 44432.625
A9: cms-mn56-78 | B9: 44434.625 | C9: 5 | D9: =_xlfn.XLOOKUP(A9, ticket!E:E, ticket!B:B) -> 44433.417
